Date,CornPrice,SoyPrice,ratio
5/29/18,400,"1,033.25",2.58
5/28/18,408.75,"1,045.75",2.56
5/25/18,406,"1,042.00",2.57
5/24/18,404.25,"1,035.75",2.56
5/23/18,408.5,"1,039.25",2.54
5/22/18,404.75,"1,030.25",2.55
5/21/18,402.75,"1,022.75",2.54
5/20/18,401.75,998,2.48
5/18/18,402.5,998,2.48
5/17/18,395.25,997.25,2.52
5/16/18,399.25,"1,000.75",2.51
5/15/18,402.25,"1,018.00",2.53
5/14/18,389,"1,017.25",2.62
5/11/18,389.75,"1,002.00",2.57
5/10/18,394.75,"1,021.25",2.59
5/9/18,394.75,"1,018.00",2.58
5/8/18,395.5,"1,020.25",2.58
5/7/18,393.25,"1,013.50",2.58
5/6/18,405,"1,035.00",2.56
5/4/18,398.75,"1,036.50",2.6
5/3/18,399.5,"1,049.75",2.63
5/2/18,396,"1,042.50",2.63
5/1/18,396.75,"1,054.75",2.66
4/30/18,392.5,"1,049.00",2.67
4/27/18,389.5,"1,045.50",2.68
4/26/18,386,"1,028.00",2.66
4/25/18,386.5,"1,028.25",2.66
4/24/18,381.25,"1,022.75",2.68
4/23/18,378.5,"1,020.75",2.7
4/22/18,376.75,"1,029.50",2.73
4/20/18,376.5,"1,029.50",2.73
4/19/18,382,"1,036.75",2.71
4/18/18,383,"1,041.75",2.72
4/17/18,380.25,"1,046.00",2.75
4/16/18,382.5,"1,042.75",2.73
4/13/18,386.25,"1,052.25",2.72
4/12/18,388.75,"1,060.50",2.73
4/11/18,387,"1,047.75",2.71
4/10/18,389.25,"1,050.50",2.7
4/9/18,390.75,"1,046.75",2.68
4/6/18,388.5,"1,034.75",2.66
4/5/18,389.5,"1,008.50",2.59
4/4/18,381,"1,015.25",2.66
4/3/18,388.5,"1,038.75",2.67
4/2/18,387.25,"1,036.50",2.68
3/29/18,387.75,"1,044.75",2.69
3/28/18,373.5,"1,019.75",2.73
3/27/18,374,"1,019.00",2.72
3/26/18,374,"1,027.25",2.75
3/23/18,377.25,"1,027.75",2.72
3/22/18,376,"1,029.00",2.74
3/21/18,375,"1,029.75",2.75
3/20/18,374.5,"1,027.75",2.74
3/19/18,375,"1,022.75",2.73
3/16/18,382.75,"1,047.75",2.74
3/15/18,386.75,"1,041.00",2.69
3/14/18,383.5,"1,031.00",2.69
3/13/18,385.5,"1,048.50",2.72
3/12/18,384.25,"1,041.50",2.71
3/9/18,383,"1,036.75",2.71
3/8/18,385.75,"1,062.00",2.75
3/7/18,379.25,"1,063.50",2.8
3/6/18,379.75,"1,074.75",2.83
3/5/18,378.25,"1,076.75",2.85
3/2/18,377.25,"1,070.00",2.84
3/1/18,378.75,"1,067.50",2.82
2/28/18,374.5,"1,055.00",2.82
2/27/18,370.5,"1,049.00",2.83
2/26/18,368.5,"1,046.25",2.84
2/23/18,366.25,"1,037.00",2.83
2/22/18,366.75,"1,031.50",2.81
2/21/18,365.75,"1,034.00",2.83
2/20/18,365.5,"1,025.75",2.81
2/19/18,367.25,"1,021.25",2.78
2/18/18,367.25,"1,021.25",2.78
2/16/18,367.5,"1,021.25",2.78
2/15/18,367.75,"1,024.00",2.78
2/14/18,367.25,"1,017.00",2.77
2/13/18,366.75,"1,010.75",2.76
2/12/18,367,"1,001.25",2.73
2/9/18,362,984,2.72
2/8/18,365.75,987.5,2.7
2/7/18,365.25,984,2.69
2/6/18,363.5,987,2.72
2/5/18,358.75,970.25,2.7
2/4/18,361,978.5,2.71
2/2/18,361.5,978.5,2.71
2/1/18,361.75,984.75,2.72
1/31/18,361.5,996.75,2.76
1/30/18,361.5,999.5,2.76
1/29/18,358.75,991.25,2.76
1/26/18,356.5,986,2.77
1/25/18,355.25,991.25,2.79
1/24/18,356.5,990.25,2.78
1/23/18,351.25,985.75,2.81
1/22/18,352,983.25,2.79
1/19/18,352.5,975.5,2.77
1/18/18,351.5,972.5,2.77
1/17/18,353,969.25,2.75
1/16/18,348.25,966.75,2.78
1/12/18,346.25,962.5,2.78
1/11/18,348.75,949,2.72
1/10/18,349,954.5,2.73
1/9/18,349,963.25,2.76
1/8/18,347.25,967,2.78
1/5/18,351.25,969.75,2.76
1/4/18,351,967.25,2.76
1/3/18,353,969,2.75
1/2/18,353.25,965.5,2.73
12/29/17,350.75,962.5,2.74
12/28/17,352,956.5,2.72
12/27/17,353.75,966.25,2.73
12/26/17,352.75,969.25,2.75
12/22/17,352,950.1,2.7
12/21/17,351.25,948.38,2.7
12/20/17,349.25,954.12,2.73
12/19/17,347.5,955.88,2.75
12/18/17,347,961.62,2.77
12/15/17,347.5,967.38,2.78
12/14/17,336.25,967.62,2.88
12/13/17,336.75,979.62,2.91
12/12/17,335.75,975.88,2.91
12/11/17,336.5,982.38,2.92
12/8/17,340,989.38,2.91
12/7/17,338.75,992.12,2.93
12/6/17,339.25,"1,003.12",2.96
12/5/17,339.75,"1,008.38",2.97
12/4/17,339.5,998.62,2.94
12/1/17,344.75,994.38,2.88
11/30/17,341.75,985.62,2.88
11/29/17,339,992.62,2.93
11/28/17,336.25,992.88,2.95
11/27/17,338.75,996.38,2.94
11/24/17,342.25,993.12,2.9
11/22/17,345.25,997.38,2.89
11/21/17,345,989.38,2.87
11/20/17,345,989.88,2.87
11/17/17,343,990.62,2.89
11/16/17,336.5,972.12,2.89
11/15/17,338.25,976.12,2.89
11/14/17,337.5,967.62,2.87
11/13/17,342.25,974.38,2.85
11/10/17,343.5,987.12,2.87
11/9/17,341.5,984.88,2.88
11/8/17,348.25,998.38,2.87
11/7/17,347.75,996.12,2.86
11/6/17,348,993.88,2.86
11/3/17,348.25,987.38,2.84
11/2/17,350.5,999.12,2.85
11/1/17,348.25,991.38,2.85
10/31/17,345.75,984.62,2.85
10/30/17,348.75,984.38,2.82
10/27/17,348.75,974.62,2.79
10/26/17,350.5,970.62,2.77
10/25/17,351,975.62,2.78
10/24/17,352.75,975.38,2.77
10/23/17,351.25,980.62,2.79
10/20/17,344.5,978.62,2.84
10/19/17,349,986.62,2.83
10/18/17,348.5,984.12,2.82
10/17/17,350,984.38,2.81
10/16/17,350.5,990.38,2.83
10/13/17,352.75,999.38,2.83
10/12/17,349,992.12,2.84
10/11/17,346,965.38,2.79
10/10/17,349.25,965.88,2.77
10/9/17,349.5,966.62,2.77
10/6/17,350,972.38,2.78
10/5/17,349.5,968.12,2.77
10/4/17,348.25,958.38,2.75
10/3/17,349.5,955.12,2.73
10/2/17,351.5,957.12,2.72
9/29/17,355.25,966.88,2.72
9/28/17,352.5,959.62,2.72
9/27/17,354,965.12,2.73
9/26/17,352.25,963.38,2.73
9/25/17,353.75,971.38,2.75
9/22/17,353.5,984.38,2.78
9/21/17,350.25,970.88,2.77
9/20/17,350,970.12,2.77
9/19/17,348.25,965.62,2.77
9/18/17,351.5,967.38,2.75
9/15/17,354.75,968.88,2.73
9/14/17,341.75,976.38,2.86
9/13/17,338.5,960.62,2.84
9/12/17,340,950.62,2.8
9/11/17,345.5,960.38,2.78
9/8/17,344.25,961.88,2.79
9/7/17,341.75,968.62,2.83
9/6/17,347,970.75,2.8
9/5/17,344.25,967.88,2.81
9/1/17,340,948.88,2.79
8/31/17,342.25,946.62,2.77
8/30/17,329.5,933.62,2.83
8/29/17,333.5,937.62,2.81
8/28/17,336,941.62,2.8
8/25/17,338.75,939.12,2.77
8/24/17,342,941.12,2.75
8/23/17,342,935.38,2.74
8/22/17,346,933.62,2.7
8/21/17,349,932.38,2.67
8/18/17,352,937.38,2.66
8/17/17,350.5,930.12,2.65
8/16/17,352.5,921.88,2.62
8/15/17,355.25,921.88,2.6
8/14/17,362.75,933.12,2.57
8/11/17,360.75,938.12,2.6
8/10/17,357.25,933.62,2.61
8/9/17,372.25,965.38,2.59
8/8/17,369.75,966.38,2.61
8/7/17,372.25,963.62,2.59
8/4/17,366.5,951.75,2.6
8/3/17,363.5,953.38,2.62
8/2/17,365,970.38,2.66
8/1/17,362.5,964.12,2.66
7/31/17,370.75,998.38,2.69
7/28/17,374.25,"1,000.12",2.67
7/27/17,374.25,994.88,2.66
7/26/17,372.75,988.88,2.65
7/25/17,368.75,981.12,2.66
7/24/17,377.25,997.88,2.65
7/21/17,379.75,"1,009.38",2.66
7/20/17,391,"1,012.88",2.59
7/19/17,382.5,999.88,2.61
7/18/17,377,989.62,2.62
7/17/17,375,985.62,2.63
7/14/17,365.25,988.62,2.71
7/13/17,361,975.12,2.7
7/12/17,376.25,"1,020.62",2.71
7/11/17,392.25,"1,029.38",2.62
7/10/17,391.75,"1,024.88",2.62
7/7/17,382.25,"1,001.12",2.62
7/6/17,380.25,986.62,2.59
7/5/17,381.75,982.38,2.57
7/3/17,378,971.88,2.57
6/30/17,370.5,948.38,2.56
6/29/17,359.75,920.62,2.56
6/28/17,356.75,918.62,2.57
6/27/17,359.25,915.88,2.55
6/26/17,359,911.88,2.54
6/23/17,357.75,904.38,2.53
6/22/17,362.75,903.88,2.49
6/21/17,368.75,918.88,2.49
6/20/17,370,927.62,2.51
6/19/17,375.25,937.62,2.5
6/16/17,384,939.38,2.45
6/15/17,379.5,934.62,2.46
6/14/17,377,931.88,2.47
6/13/17,381,932.88,2.45
6/12/17,377.25,930.88,2.47
6/9/17,387.75,941.38,2.43
6/8/17,385.75,937.88,2.43
6/7/17,384.75,930.88,2.42
6/6/17,377.25,923.12,2.45
6/5/17,373,921.62,2.47
6/2/17,372.75,920.62,2.47
6/1/17,370.5,911.88,2.46
5/31/17,372,915.88,2.46
5/30/17,367,912.62,2.49
5/26/17,374.25,926.38,2.48
5/25/17,369.25,939.38,2.54
5/24/17,371.25,948.12,2.55
5/23/17,369.5,948.38,2.57
5/22/17,375,956.38,2.55
5/19/17,372.5,953.12,2.56
5/18/17,366,944.62,2.58
5/17/17,371.5,975.88,2.63
5/16/17,367.75,976.38,2.66
5/15/17,367.75,965.12,2.62
5/12/17,361.75,962.88,2.66
5/11/17,360.5,966.12,2.68
5/10/17,365.25,969.25,2.65
5/9/17,358.25,973.88,2.72
5/8/17,356.75,965.62,2.71
5/5/17,361.75,973.12,2.69
5/4/17,358,973.38,2.72
5/3/17,366.25,974.88,2.66
5/2/17,364,969.12,2.66
5/1/17,369.25,970.62,2.63
4/28/17,358,957.12,2.67
4/27/17,362,957.62,2.65
4/26/17,359,956.75,2.67
4/25/17,365,965.38,2.64
4/24/17,359.25,971.88,2.71
4/21/17,357,950.88,2.66
4/20/17,357.75,946.62,2.65
4/19/17,361.75,951.12,2.63
4/18/17,361.75,945.62,2.61
4/17/17,366.5,953.12,2.6
4/13/17,371,955.62,2.58
4/12/17,369,947.62,2.57
4/11/17,366.5,940.12,2.57
4/10/17,367,941.88,2.57
4/7/17,359.5,942.38,2.62
4/6/17,360.75,940.88,2.61
4/5/17,364.75,943.62,2.59
4/4/17,363,937.62,2.58
4/3/17,367.75,937.62,2.55
3/31/17,364.25,945.88,2.6
3/30/17,357.5,962.88,2.69
3/29/17,358.5,968.62,2.7
3/28/17,357.75,971.88,2.72
3/27/17,355.75,971.38,2.73
3/24/17,356.25,975.62,2.74
3/23/17,356.75,990.62,2.78
3/22/17,358.75,999.38,2.79
3/21/17,361.25,"1,001.88",2.77
3/20/17,363.5,999.88,2.75
3/17/17,367.5,"1,000.12",2.72
3/16/17,366,"1,000.88",2.73
3/15/17,363.5,997.88,2.75
3/14/17,353.75,999.12,2.82
3/13/17,354.5,"1,006.12",2.84
3/10/17,358,"1,006.62",2.81
3/9/17,359.75,"1,010.88",2.81
3/8/17,365.25,"1,021.88",2.8
3/7/17,369.5,"1,025.88",2.78
3/6/17,372.75,"1,037.38",2.78
3/3/17,374.75,"1,036.88",2.77
3/2/17,372.75,"1,036.62",2.78
3/1/17,375.75,"1,051.38",2.8
2/28/17,366.75,"1,036.38",2.83
2/27/17,360.25,"1,021.88",2.84
2/24/17,364,"1,013.90",2.79
2/23/17,365.5,"1,013.70",2.77
2/22/17,371,"1,022.90",2.76
2/21/17,369.25,"1,026.70",2.78
2/17/17,368.25,"1,034.90",2.81
2/16/17,373.5,"1,043.70",2.79
2/15/17,378.75,"1,061.10",2.8
2/14/17,374.25,"1,045.40",2.79
2/13/17,375.5,"1,055.60",2.81
2/10/17,374.5,"1,058.10",2.83
2/9/17,369.5,"1,050.00",2.84
2/8/17,370.75,"1,058.40",2.85
2/7/17,368.5,"1,041.60",2.83
2/6/17,363.75,"1,037.60",2.85
2/3/17,365.25,"1,026.60",2.81
2/2/17,367.5,"1,036.40",2.82
2/1/17,368.25,"1,037.00",2.82
1/31/17,359.75,"1,024.60",2.85
1/30/17,357.75,"1,022.60",2.86
1/27/17,362.5,"1,049.40",2.89
1/26/17,363.75,"1,048.40",2.88
1/25/17,366.25,"1,056.50",2.88
1/24/17,363.25,"1,058.90",2.92
1/23/17,369.5,"1,059.90",2.87
1/20/17,369.75,"1,067.40",2.89
1/19/17,366.25,"1,069.60",2.92
1/18/17,365,"1,074.10",2.94
1/17/17,365.5,"1,067.60",2.92
1/13/17,358.5,"1,044.20",2.91
1/12/17,358.25,"1,039.60",2.9
1/11/17,357.25,"1,010.10",2.83
1/10/17,358.25,"1,013.20",2.83
1/9/17,360,"1,004.90",2.79
1/6/17,358,995.4,2.78
1/5/17,361.25,"1,012.40",2.8
1/4/17,359.75,"1,014.10",2.82
1/3/17,355.75,996.4,2.8
12/30/16,352,"1,005.10",2.86
12/29/16,349.75,"1,012.10",2.89
12/28/16,348.25,"1,016.40",2.92
12/27/16,355,"1,023.60",2.88
12/23/16,345.75,989.88,2.86
12/22/16,347.25,994.62,2.86
12/21/16,347.25,"1,005.88",2.9
12/20/16,350.25,"1,005.50",2.87
12/19/16,353.25,"1,022.38",2.89
12/16/16,356.25,"1,035.38",2.91
12/15/16,356.5,"1,028.62",2.89
12/14/16,351.75,"1,023.38",2.91
12/13/16,356.25,"1,027.62",2.88
12/12/16,354.5,"1,030.75",2.91
12/9/16,352.5,"1,036.25",2.94
12/8/16,346.5,"1,027.62",2.97
12/7/16,350.5,"1,048.62",2.99
12/6/16,351,"1,047.62",2.98
12/5/16,349.5,"1,044.00",2.99
12/2/16,337.5,"1,031.62",3.06
12/1/16,331.75,"1,029.50",3.1
11/30/16,336.75,"1,033.75",3.07
11/29/16,336.75,"1,041.88",3.09
11/28/16,348.5,"1,056.25",3.03
11/25/16,349.25,"1,045.38",2.99
11/23/16,350.75,"1,034.62",2.95
11/22/16,351,"1,029.38",2.93
11/21/16,349.75,"1,019.00",2.91
11/18/16,345.5,993.12,2.87
11/17/16,342,990.12,2.9
11/16/16,338.5,985.38,2.91
11/15/16,341.5,988.88,2.9
11/14/16,337.25,984,2.92
11/11/16,340.25,986.75,2.9
11/10/16,343.5,997.12,2.9
11/9/16,340.75,990.62,2.91
11/8/16,354.25,"1,012.12",2.86
11/7/16,346.25,998.62,2.88
11/4/16,348.75,990.38,2.84
11/3/16,348,989.62,2.84
11/2/16,346.25,986.25,2.85
11/1/16,349,993.12,2.85
10/31/16,354.75,"1,011.88",2.85
10/28/16,355,"1,001.62",2.82
10/27/16,357.5,"1,014.12",2.84
10/26/16,354,"1,009.12",2.85
10/25/16,349.25,990.88,2.84
10/24/16,348.25,992.38,2.85
10/21/16,352.5,981.62,2.78
10/20/16,351,975.62,2.78
10/19/16,357.5,980.62,2.74
10/18/16,353.75,972.12,2.75
10/17/16,354,977.12,2.76
10/14/16,354.25,961.62,2.71
10/13/16,349.5,956.25,2.74
10/12/16,337,945.62,2.81
10/11/16,345.5,954.62,2.76
10/10/16,343.25,954.88,2.78
10/7/16,339.75,957.25,2.82
10/6/16,340.5,958.38,2.81
10/5/16,347.75,957.38,2.75
10/4/16,348.25,963.12,2.77
10/3/16,346,973.62,2.81
9/30/16,336.75,955.25,2.84
9/29/16,329.25,950.62,2.89
9/28/16,329.25,945.62,2.87
9/27/16,331.75,952.12,2.87
9/26/16,329,945.12,2.87
9/23/16,336.5,955.88,2.84
9/22/16,336.75,976.88,2.9
9/21/16,340,975.12,2.87
9/20/16,340.5,989.88,2.91
9/19/16,337.25,970.88,2.88
9/16/16,337,967.62,2.87
9/15/16,330,951.12,2.88
9/14/16,322.25,942.62,2.93
9/13/16,319.25,944.88,2.96
9/12/16,329.25,965.12,2.93
9/9/16,330,981.38,2.97
9/8/16,327,976.38,2.99
9/7/16,321,974.88,3.04
9/6/16,316.75,959.88,3.03
9/2/16,316.5,951.38,3.01
9/1/16,311,944.62,3.04
8/31/16,301.5,941.88,3.12
8/30/16,304,949.38,3.12
8/26/16,316.25,990.5,3.13
8/25/16,323.5,998.75,3.09
8/24/16,327.5,"1,030.88",3.15
8/23/16,328.5,"1,034.12",3.15
8/22/16,333.25,"1,034.25",3.1
8/19/16,334.25,"1,026.50",3.07
8/18/16,332,"1,033.00",3.11
8/17/16,330.25,"1,030.12",3.12
8/16/16,327.5,"1,019.38",3.11
8/15/16,326.5,"1,024.00",3.14
8/12/16,322.25,998,3.1
8/11/16,321,"1,001.88",3.12
8/10/16,322.5,998.25,3.1
8/9/16,322.25,"1,005.38",3.12
8/8/16,325.25,"1,000.38",3.08
8/5/16,324.25,987.75,3.05
8/4/16,320.75,974.38,3.04
8/3/16,325,973.5,3
8/2/16,324.25,970.5,2.99
8/1/16,325.75,979.88,3.01
7/29/16,334.5,"1,019.38",3.05
7/28/16,331.25,992.5,3
7/27/16,335.75,999.25,2.98
7/26/16,332.5,985.38,2.96
7/25/16,334.75,976.12,2.92
7/22/16,335,"1,006.88",3.01
7/21/16,334.25,"1,032.38",3.09
7/20/16,337.5,"1,026.62",3.04
7/19/16,341.75,"1,043.62",3.05
7/18/16,357,"1,078.88",3.02
7/15/16,352.25,"1,074.12",3.05
7/14/16,362.25,"1,082.88",2.99
7/13/16,365.75,"1,122.38",3.07
7/12/16,349.75,"1,101.00",3.15
7/11/16,343.75,"1,076.88",3.13
7/8/16,349.75,"1,082.38",3.09
7/7/16,335.5,"1,051.00",3.13
7/6/16,335.75,"1,098.38",3.27
7/5/16,344,"1,108.38",3.22
7/1/16,353,"1,164.12",3.3
6/30/16,358.75,"1,174.25",3.27
6/29/16,372.75,"1,139.62",3.06
6/28/16,385.25,"1,146.12",2.98
6/27/16,385.25,"1,128.75",2.93
6/24/16,384.5,"1,100.62",2.86
6/23/16,387.25,"1,124.00",2.9
6/22/16,393,"1,137.12",2.89
6/21/16,396.25,"1,132.62",2.86
6/20/16,421.25,"1,144.38",2.72
6/17/16,437.75,"1,159.25",2.65
6/16/16,425.25,"1,134.88",2.67
6/15/16,429,"1,156.38",2.7
6/14/16,436.5,"1,169.12",2.68
6/13/16,430,"1,168.88",2.72
6/10/16,423,"1,179.00",2.79
6/9/16,426.5,"1,176.62",2.76
6/8/16,431.25,"1,178.12",2.73
6/7/16,427.75,"1,142.50",2.67
6/6/16,427.25,"1,136.62",2.66
6/3/16,418.25,"1,131.75",2.71
6/2/16,415.25,"1,144.12",2.76
6/1/16,413.75,"1,098.62",2.66
5/31/16,404.75,"1,077.88",2.66
5/27/16,412.75,"1,085.88",2.63
5/26/16,408.25,"1,080.62",2.65
5/25/16,404.75,"1,084.50",2.68
5/24/16,397.5,"1,055.12",2.65
5/23/16,397.75,"1,059.38",2.66
5/20/16,394.5,"1,075.75",2.73
5/19/16,390,"1,070.62",2.75
5/18/16,399.5,"1,075.50",2.69
5/17/16,397,"1,079.88",2.72
5/16/16,394,"1,065.12",2.7
5/13/16,382,"1,064.88",2.79
5/12/16,385.25,"1,070.38",2.78
5/11/16,374,"1,077.00",2.88
5/10/16,378.5,"1,084.62",2.87
5/9/16,367.75,"1,026.62",2.79
5/6/16,376,"1,032.88",2.75
5/5/16,371.75,"1,011.88",2.72
5/4/16,373.25,"1,033.88",2.77
5/3/16,378.25,"1,029.88",2.72
5/2/16,390.25,"1,043.38",2.67
4/29/16,390.25,"1,029.88",2.64
4/28/16,387,"1,027.62",2.66
4/27/16,380.75,"1,028.88",2.7
4/26/16,382.25,"1,027.88",2.69
4/25/16,377,"1,010.88",2.68
4/22/16,371.75,985.38,2.65
4/21/16,384.5,"1,020.12",2.65
4/20/16,394.75,"1,010.12",2.56
4/19/16,384.5,985.75,2.56
4/18/16,381,953.38,2.5
4/15/16,378.5,957.12,2.53
4/14/16,374,949.62,2.54
4/13/16,373.5,955.38,2.56
4/12/16,362.75,934.62,2.58
4/11/16,356.75,927.88,2.6
4/8/16,362.25,916.12,2.53
4/7/16,361.5,903.88,2.5
4/6/16,358,908.38,2.54
4/5/16,356.75,905.12,2.54
4/4/16,354.5,913.38,2.58
4/1/16,354,916.5,2.59
3/31/16,351.5,912.62,2.6
3/30/16,367,909.12,2.48
3/29/16,373,915.88,2.46
3/28/16,370.5,909.38,2.45
3/24/16,370,910.38,2.46
3/23/16,368.5,906.12,2.46
3/22/16,370,910.62,2.46
3/21/16,369.5,901.63,2.44
3/18/16,367,897.38,2.45
3/17/16,368.5,896.88,2.43
3/16/16,368.25,894.62,2.43
3/15/16,368.5,892.12,2.42
3/14/16,366.75,896.13,2.44
3/11/16,366,895.38,2.45
3/10/16,362.5,888.88,2.45
3/9/16,359,885.62,2.47
3/8/16,358.75,884.38,2.47
3/7/16,355,881.12,2.48
3/4/16,354.5,878.38,2.48
3/3/16,353.75,863.63,2.44
3/2/16,354.5,861.38,2.43
3/1/16,353.75,858.63,2.43
2/29/16,353.5,861.12,2.44
2/26/16,354.5,863.12,2.43
2/25/16,355.5,865.62,2.43
2/24/16,359.75,872.38,2.42
2/23/16,362,873.12,2.41
2/22/16,367.5,883.88,2.41
2/19/16,365.5,878.38,2.4
2/18/16,365.5,879.88,2.41
2/17/16,367.25,882.25,2.4
2/16/16,363,880.13,2.42
2/12/16,358.75,872.63,2.43
2/11/16,360.25,873.13,2.42
2/10/16,360.25,861.88,2.39
2/9/16,361,863.38,2.39
2/8/16,362.25,862.88,2.38
2/5/16,365.75,867.38,2.37
2/4/16,368.5,874.25,2.37
2/3/16,371,877.13,2.36
2/2/16,372.5,886.38,2.38
2/1/16,371.25,880.88,2.37
1/29/16,372,882.38,2.37
1/28/16,365.5,867.88,2.37
1/27/16,369.25,883.38,2.39
1/26/16,369.25,876.13,2.37
1/25/16,369.75,880.38,2.38
1/22/16,370.25,876.38,2.37
1/21/16,367,878.88,2.39
1/20/16,368.75,874.38,2.37
1/19/16,367.75,883.63,2.4
1/17/16,363.13,878.38,2.42
1/15/16,363.25,878.38,2.42
1/14/16,358,882.88,2.47
1/13/16,358,879.88,2.46
1/12/16,356.75,874.63,2.45
1/11/16,351.75,861.13,2.45
1/8/16,357,865.38,2.42
1/7/16,353,864.38,2.45
1/6/16,353.25,864.63,2.45
1/5/16,353,857.13,2.43
1/4/16,351.5,856.13,2.44
12/31/15,358.75,863.63,2.41
12/30/15,359,869.63,2.42
12/29/15,362.5,865.38,2.39
12/28/15,361,862.38,2.39
12/27/15,364.63,874.25,2.4
12/24/15,364.5,876.75,2.41
12/23/15,365.5,881.63,2.41
12/22/15,366.25,885.38,2.42
12/21/15,372,890.88,2.39
12/18/15,374.5,891.63,2.38
12/17/15,374.25,877.13,2.34
12/16/15,369.75,863.13,2.33
12/15/15,377.25,866.63,2.3
12/14/15,381.75,874.63,2.29
12/11/15,373,870.88,2.33
12/10/15,377.25,878.38,2.33
12/9/15,371.75,876.38,2.36
12/8/15,370,876.38,2.37
12/7/15,368.5,882.63,2.4
12/4/15,376.25,906.38,2.41
12/3/15,370.25,896.63,2.42
12/2/15,364,892.38,2.45
12/1/15,367,889.25,2.42
11/30/15,365,881.63,2.42
11/27/15,359.25,873.88,2.43
11/25/15,366,875.38,2.39
11/24/15,364.25,863.13,2.37
11/23/15,367.25,864.13,2.35
11/20/15,363.25,858.13,2.36
11/19/15,364.25,860.13,2.36
11/18/15,361.75,858.13,2.37
11/17/15,362,863.63,2.39
11/16/15,360,859.13,2.39
11/13/15,358.25,855.63,2.39
11/12/15,362,862.88,2.38
11/11/15,362.25,861.38,2.38
11/10/15,359,856.13,2.38
11/9/15,366.75,866.13,2.36
11/6/15,373,867.13,2.32
11/5/15,374.5,864.88,2.31
11/4/15,380.5,884.63,2.32
11/3/15,380.5,878.88,2.31
11/2/15,376.5,878.63,2.33
10/30/15,382.25,885.13,2.32
10/29/15,380,880.13,2.32
10/28/15,376,883.38,2.35
10/27/15,380,891.13,2.35
10/26/15,384.5,884.63,2.3
10/23/15,379.75,895.13,2.36
10/22/15,378.25,898.63,2.38
10/21/15,380.75,904.88,2.38
10/20/15,376.75,895.88,2.38
10/19/15,373,890.88,2.39
10/16/15,376.75,898.13,2.38
10/15/15,375.5,905.25,2.41
10/14/15,379,910.38,2.4
10/13/15,384.5,912.88,2.37
10/12/15,380.75,887.38,2.33
10/9/15,382.75,884.88,2.31
10/8/15,391.25,880.88,2.25
10/7/15,395.75,890.75,2.25
10/6/15,398.25,887.88,2.23
10/5/15,393.5,883.63,2.25
10/2/15,389.25,873.88,2.25
10/1/15,388.75,877.38,2.26
9/30/15,387.75,891.63,2.3
9/29/15,389,883.75,2.27
9/28/15,386.75,876.88,2.27
9/25/15,389,888.88,2.29
9/24/15,381.5,867.63,2.27
9/23/15,383.25,863.63,2.25
9/22/15,380.5,862.13,2.27
9/21/15,384.5,873.63,2.27
9/18/15,377.25,867.13,2.3
9/17/15,379.75,884.38,2.33
9/16/15,386,886.63,2.3
9/15/15,390.5,888.63,2.28
9/14/15,379,883.63,2.33
9/11/15,374.5,874.38,2.33
9/10/15,361.75,873.38,2.41
9/9/15,356.5,872.13,2.45
9/8/15,355,878.63,2.48
9/4/15,349.5,866.38,2.48
9/3/15,347.75,869.88,2.5
9/2/15,354,873.63,2.47
9/1/15,356,874.63,2.46
8/31/15,363.75,887.13,2.44
8/28/15,363.25,893,2.46
8/27/15,363.75,885,2.43
8/26/15,361.75,877.63,2.43
8/25/15,365.5,893.75,2.45
8/24/15,368.75,893.25,2.42
8/21/15,365.25,906.38,2.48
8/20/15,371,920.38,2.48
8/19/15,367.25,904,2.46
8/18/15,366.25,912.63,2.49
8/17/15,363.25,926.63,2.55
8/14/15,364,924.88,2.54
8/13/15,363.75,937.63,2.58
8/12/15,357.25,918.75,2.57
8/11/15,376.5,981.38,2.61
8/10/15,390.25,"1,009.13",2.59
8/7/15,372.75,976.88,2.62
8/6/15,369.75,955.75,2.58
8/5/15,372.75,963.38,2.58
8/4/15,368.75,949.75,2.58
8/3/15,366.5,944.75,2.58
7/31/15,371,953.13,2.57
7/30/15,373.25,965,2.59
7/29/15,367.75,956.5,2.6
7/28/15,375,955,2.55
7/27/15,373,938,2.51
7/24/15,392.5,990.88,2.52
7/23/15,403.25,"1,010.00",2.5
7/22/15,402.75,"1,023.13",2.54
7/21/15,406.5,"1,019.00",2.51
7/20/15,405,"1,008.75",2.49
7/17/15,420.25,"1,014.25",2.41
7/16/15,430,"1,016.50",2.36
7/15/15,429.5,"1,025.88",2.39
7/14/15,424,"1,034.00",2.44
7/13/15,433.5,"1,038.38",2.4
7/10/15,427.25,"1,031.63",2.41
7/9/15,421.25,"1,025.88",2.44
7/8/15,416.25,994.75,2.39
7/7/15,415.75,993.38,2.39
7/6/15,418.5,"1,021.88",2.44
7/3/15,428.5,"1,037.00",2.42
7/2/15,419.75,"1,037.00",2.47
7/1/15,413.75,"1,040.63",2.52
6/30/15,414,"1,048.25",2.53
6/29/15,383.25,994.88,2.6
6/26/15,385,999.63,2.6
6/25/15,376.5,998.13,2.65
6/24/15,366.5,981.88,2.68
6/23/15,367.5,986.88,2.69
6/22/15,360,989.25,2.75
6/19/15,353.25,971.13,2.75
6/18/15,358,976.75,2.73
6/17/15,359.25,966.63,2.69
6/16/15,354,958.25,2.71
6/15/15,348.25,938.5,2.69
6/12/15,353,939.5,2.66
6/11/15,356.5,941.13,2.64
6/10/15,357.25,949.38,2.66
6/9/15,365,950.5,2.6
6/8/15,365.25,944.88,2.59
6/5/15,360.5,938.63,2.6
6/4/15,363.5,946.38,2.6
6/3/15,359,935.38,2.61
6/2/15,359,940.38,2.62
6/1/15,352.25,926.63,2.63
5/29/15,351.5,934.38,2.66
5/28/15,353.5,926.5,2.62
5/27/15,349.5,927.13,2.65
5/26/15,355,922.13,2.6
5/22/15,360,924.88,2.57
5/21/15,365,938,2.57
5/20/15,360,940.88,2.61
5/19/15,362,946.38,2.61
5/18/15,368,954.88,2.59
5/15/15,365.5,952.75,2.61
5/14/15,361,957.63,2.65
5/13/15,356,957.38,2.69
5/12/15,357,956.38,2.68
5/11/15,358.25,974.13,2.72
5/8/15,358.5,975.13,2.72
5/7/15,357.75,974.88,2.73
5/6/15,366.5,982.88,2.68
5/5/15,361.25,985,2.73
5/4/15,358.75,977.13,2.72
5/1/15,359.75,964.75,2.68
4/30/15,362.5,977.13,2.7
4/29/15,363.75,988.63,2.72
4/28/15,361,977.5,2.71
4/27/15,360.75,973.88,2.7
4/24/15,364.5,969.13,2.66
4/23/15,370.75,977.88,2.64
4/22/15,372.5,971.13,2.61
4/21/15,373,974.75,2.61
4/20/15,378,977.38,2.59
4/17/15,379.75,967.63,2.55
4/16/15,376.25,964.88,2.56
4/15/15,376,965.13,2.57
4/14/15,373.5,960.13,2.57
4/13/15,370.5,948.63,2.56
4/10/15,377,951.88,2.52
4/9/15,378,954.63,2.53
4/8/15,379.25,972.13,2.56
4/7/15,383,971.63,2.54
4/6/15,385,978.88,2.54
4/2/15,386.5,984.75,2.55
4/1/15,381.75,989,2.59
3/31/15,376.25,972.63,2.59
3/30/15,394.5,969.13,2.46
3/27/15,391,967.5,2.47
3/26/15,391.25,974.5,2.49
3/25/15,395,978.75,2.48
3/24/15,393.25,982.38,2.5
3/23/15,390.25,982.63,2.52
3/20/15,385,972.75,2.53
3/19/15,373.5,962.25,2.58
3/18/15,374.75,964.13,2.57
3/17/15,371,955.88,2.58
3/16/15,379,969.25,2.56
3/13/15,374,974.75,2.61
3/12/15,382.25,991.63,2.59
3/11/15,384,993.13,2.59
3/10/15,382.25,984.13,2.57
3/9/15,383.25,993.25,2.59
3/6/15,379.25,985.38,2.6
3/5/15,382.75,985.88,2.58
3/4/15,381.5,995.63,2.61
3/3/15,382,"1,013.13",2.65
3/2/15,378.75,"1,013.50",2.68
2/27/15,384.5,"1,030.38",2.68
2/26/15,380,"1,026.63",2.7
2/25/15,375.75,"1,011.38",2.69
2/24/15,377.5,"1,018.13",2.7
2/23/15,378.75,"1,000.13",2.64
2/20/15,385.25,999.88,2.6
2/19/15,389.75,"1,006.88",2.58
2/18/15,383.75,996.5,2.6
2/17/15,389.5,"1,008.13",2.59
2/13/15,387.25,990.13,2.56
2/12/15,383,983.13,2.57
2/11/15,385.75,977.88,2.54
2/10/15,388,969.13,2.5
2/9/15,391.25,979.13,2.5
2/6/15,385.75,974,2.52
2/5/15,385.25,981.25,2.55
2/4/15,383.5,972.38,2.54
2/3/15,385.75,985.38,2.55
2/2/15,369.75,959.63,2.6
1/30/15,370,961.63,2.6
1/29/15,371.5,968.13,2.61
1/28/15,373.25,970,2.6
1/27/15,381.25,974.88,2.56
1/26/15,384,983.88,2.56
1/23/15,386.75,972.38,2.51
1/22/15,383.75,977.63,2.55
1/21/15,388,983.38,2.53
1/20/15,390.25,982.38,2.52
1/16/15,387,990.63,2.56
1/15/15,380,991.88,2.61
1/14/15,381,"1,011.00",2.65
1/13/15,385.75,"1,004.88",2.61
1/12/15,402,"1,016.38",2.53
1/9/15,400.25,"1,052.00",2.63
1/8/15,394.25,"1,047.88",2.66
1/7/15,396.25,"1,055.88",2.66
1/6/15,405,"1,056.25",2.61
1/5/15,406,"1,045.38",2.57
1/2/15,395.75,"1,007.13",2.54
12/31/14,397,"1,022.88",2.58
12/30/14,406.5,"1,042.63",2.56
12/29/14,412.75,"1,049.63",2.54
12/28/14,414.63,"1,053.50",2.54
12/26/14,414.75,"1,047.13",2.52
12/24/14,407.75,"1,028.63",2.52
12/23/14,414,"1,037.13",2.51
12/22/14,411.75,"1,036.75",2.52
12/21/14,410.88,"1,030.38",2.51
12/19/14,410.5,"1,030.38",2.51
12/18/14,411,"1,036.13",2.52
12/17/14,408.25,"1,026.25",2.51
12/16/14,406,"1,023.25",2.52
12/15/14,408.5,"1,037.25",2.54
12/14/14,406.38,"1,047.50",2.58
12/12/14,396.25,"1,047.50",2.64
12/11/14,390,"1,041.38",2.67
12/10/14,382.5,"1,031.88",2.7
12/9/14,383,"1,048.63",2.74
12/8/14,377.5,"1,044.13",2.77
12/7/14,395.88,"1,038.63",2.62
12/5/14,381.5,"1,038.63",2.72
12/4/14,376,"1,010.63",2.69
12/3/14,368.75,999,2.71
12/2/14,367.75,995.63,2.71
12/1/14,375.5,"1,018.13",2.71
11/30/14,389.38,"1,014.13",2.6
11/28/14,375.75,"1,014.13",2.7
11/27/14,391.63,"1,047.88",2.68
11/26/14,378.25,"1,047.88",2.77
11/25/14,374.25,"1,050.88",2.81
11/24/14,367.5,"1,035.00",2.82
11/21/14,372.75,"1,039.63",2.79
11/20/14,373.25,"1,021.75",2.74
11/19/14,363.25,"1,005.75",2.77
11/18/14,372,"1,024.00",2.75
11/17/14,377.5,"1,035.13",2.74
11/14/14,381.75,"1,021.88",2.68
11/13/14,386.25,"1,055.13",2.73
11/12/14,377.75,"1,048.75",2.78
11/11/14,373.75,"1,064.25",2.85
11/10/14,369.25,"1,024.13",2.77
11/7/14,367.5,"1,038.88",2.83
11/6/14,371.25,"1,027.88",2.77
11/5/14,370.25,"1,020.13",2.76
11/4/14,364.5,"1,010.13",2.77
11/3/14,373.5,"1,029.25",2.76
10/31/14,376.75,"1,043.13",2.77
10/30/14,374,"1,029.88",2.75
10/29/14,375.25,"1,050.25",2.8
10/28/14,364.5,"1,014.63",2.78
10/27/14,363,"1,011.38",2.79
10/24/14,353,978.38,2.77
10/23/14,359.75,993.38,2.76
10/22/14,353,961.63,2.72
10/21/14,356,965.13,2.71
10/20/14,348.25,945.38,2.71
10/17/14,348,951.38,2.73
10/16/14,352.25,967.38,2.75
10/15/14,347.5,951.5,2.74
10/14/14,357,965,2.7
10/13/14,346,944.75,2.73
10/10/14,334,923.13,2.76
10/9/14,344.75,941.88,2.73
10/8/14,343.25,934.63,2.72
10/7/14,340.5,941.25,2.76
10/6/14,332.5,941.63,2.83
10/3/14,323.25,911.63,2.82
10/2/14,322.75,925.38,2.87
10/1/14,321.25,917.38,2.86
9/30/14,320.75,912.38,2.84
9/29/14,325.75,922.38,2.83
9/26/14,323,910.63,2.82
9/25/14,326,923.38,2.83
9/24/14,329.5,936.63,2.84
9/23/14,325.5,936.88,2.88
9/22/14,330.25,938,2.84
9/19/14,331.5,957.63,2.89
9/18/14,338.25,971.38,2.87
9/17/14,341.75,982.88,2.88
9/16/14,343.75,981.75,2.86
9/15/14,343,987.88,2.88
9/12/14,339,984.75,2.9
9/11/14,331.75,982,2.96
9/10/14,338.75,993.88,2.93
9/9/14,336.25,992.88,2.95
9/8/14,339.25,"1,008.63",2.97
9/5/14,346.5,"1,020.50",2.95
9/4/14,335.75,"1,003.13",2.99
9/3/14,341.25,"1,020.13",2.99
9/2/14,355.75,"1,032.50",2.9
8/29/14,359,"1,024.25",2.85
8/28/14,361.75,"1,029.25",2.85
8/27/14,356,"1,023.13",2.87
8/26/14,356,"1,028.13",2.89
8/25/14,360,"1,029.00",2.86
8/22/14,365.5,"1,166.50",3.19
8/21/14,362.25,"1,136.25",3.14
8/20/14,359.5,"1,120.88",3.12
8/19/14,362.5,"1,118.75",3.09
8/18/14,360.75,"1,114.13",3.09
8/15/14,365.75,"1,102.50",3.01
8/14/14,362,"1,098.38",3.03
8/13/14,358,"1,079.50",3.02
8/12/14,358.5,"1,094.75",3.05
8/11/14,356.75,"1,108.00",3.11
8/8/14,351.75,"1,113.88",3.17
8/7/14,359.5,"1,098.88",3.06
8/6/14,363.25,"1,096.63",3.02
8/5/14,356.25,"1,080.63",3.03
8/4/14,358.75,"1,095.13",3.05
8/3/14,351.88,"1,074.38",3.05
8/1/14,352.5,"1,074.38",3.05
7/31/14,357,"1,098.13",3.08
7/30/14,361.75,"1,102.63",3.05
7/29/14,361.5,"1,122.38",3.1
7/28/14,367.75,"1,135.88",3.09
7/25/14,363,"1,211.63",3.34
7/24/14,361.5,"1,208.13",3.34
7/23/14,362.5,"1,200.75",3.31
7/22/14,360.25,"1,184.00",3.29
7/21/14,364,"1,177.25",3.23
7/18/14,371.25,"1,177.75",3.17
7/17/14,379.5,"1,173.13",3.09
7/16/14,378.25,"1,187.50",3.14
7/15/14,374,"1,181.38",3.16
7/14/14,390.25,"1,196.25",3.07
7/11/14,399.75,"1,196.38",2.99
7/10/14,400.5,"1,232.50",3.08
7/9/14,404,"1,245.88",3.08
7/8/14,408.25,"1,248.75",3.06
7/7/14,409.25,"1,274.38",3.11
7/6/14,409.63,"1,298.38",3.17
7/3/14,417,"1,298.38",3.11
7/2/14,418.5,"1,314.50",3.14
7/1/14,422.75,"1,327.50",3.14
6/30/14,424.25,"1,327.50",3.13
6/27/14,443,"1,376.50",3.11
6/26/14,442.75,"1,381.75",3.12
6/25/14,441,"1,361.50",3.09
6/24/14,443,"1,358.50",3.07
6/23/14,444.5,"1,365.13",3.07
6/20/14,453.25,"1,418.38",3.13
6/19/14,450.5,"1,420.50",3.15
6/18/14,441.5,"1,409.25",3.19
6/17/14,438.75,"1,398.38",3.19
6/16/14,441,"1,422.13",3.22
6/13/14,447,"1,425.88",3.19
6/12/14,444,"1,417.25",3.19
6/11/14,441,"1,445.38",3.28
6/10/14,445.5,"1,461.75",3.28
6/9/14,451,"1,456.25",3.23
6/6/14,459,"1,457.63",3.18
6/5/14,449,"1,461.00",3.25
6/4/14,456.25,"1,482.50",3.25
6/3/14,458.25,"1,481.25",3.23
6/2/14,465.5,"1,498.13",3.22
5/30/14,465.75,"1,491.13",3.2
5/29/14,469.5,"1,498.75",3.19
5/28/14,472.5,"1,497.25",3.17
5/27/14,469.75,"1,489.38",3.17
5/23/14,478,"1,516.13",3.17
5/22/14,476.75,"1,517.38",3.18
5/21/14,474.5,"1,506.38",3.17
5/20/14,473.5,"1,469.00",3.1
5/19/14,477.25,"1,483.13",3.11
5/16/14,483.5,"1,465.00",3.03
5/15/14,484.25,"1,468.38",3.03
5/14/14,494.75,"1,485.88",3
5/13/14,503.25,"1,484.38",2.95
5/12/14,497.5,"1,464.63",2.94
5/11/14,507.5,"1,486.38",2.93
5/9/14,505,"1,486.38",2.94
5/8/14,513.25,"1,469.00",2.86
5/7/14,510.25,"1,445.63",2.83
5/6/14,513,"1,459.25",2.84
5/5/14,503.25,"1,463.63",2.91
5/2/14,494,"1,471.13",2.98
5/1/14,503.25,"1,460.88",2.9
4/30/14,514,"1,511.38",2.94
4/29/14,515.75,"1,516.13",2.94
4/28/14,507.75,"1,498.63",2.95
4/25/14,507,"1,499.13",2.96
4/24/14,501.25,"1,472.63",2.94
4/23/14,503.5,"1,468.50",2.92
4/22/14,496.25,"1,480.75",2.98
4/21/14,488.5,"1,499.88",3.07
4/17/14,494.75,"1,516.00",3.06
4/16/14,497.5,"1,519.25",3.05
4/15/14,503.75,"1,501.00",2.98
4/14/14,503,"1,476.00",2.93
4/11/14,498.5,"1,463.75",2.94
4/10/14,501.25,"1,481.13",2.95
4/9/14,502.25,"1,495.00",2.98
4/8/14,507,"1,483.13",2.93
4/7/14,499.25,"1,463.00",2.93
4/4/14,501.75,"1,472.25",2.93
4/3/14,500,"1,473.75",2.95
4/2/14,495.75,"1,462.13",2.95
4/1/14,507.5,"1,482.88",2.92
3/31/14,502,"1,462.38",2.91
3/28/14,492,"1,435.88",2.92
3/27/14,492,"1,437.13",2.92
3/26/14,484.5,"1,441.13",2.97
3/25/14,486.5,"1,426.50",2.93
3/24/14,490,"1,425.75",2.91
3/21/14,479,"1,409.63",2.94
3/20/14,478.5,"1,434.00",3
3/19/14,487.75,"1,431.13",2.93
3/18/14,486.25,"1,418.63",2.92
3/17/14,479,"1,391.63",2.91
3/14/14,472.25,"1,389.75",2.94
3/13/14,484.25,"1,393.38",2.88
3/12/14,484.25,"1,387.75",2.87
3/11/14,478,"1,412.13",2.95
3/10/14,472,"1,418.50",3.01
3/7/14,481,"1,459.75",3.03
3/6/14,485.75,"1,437.25",2.96
3/5/14,475.25,"1,421.38",2.99
3/4/14,476.75,"1,422.63",2.98
3/3/14,464,"1,409.38",3.04
2/28/14,457.5,"1,414.13",3.09
2/27/14,448,"1,388.38",3.1
2/26/14,455.5,"1,397.38",3.07
2/25/14,455.75,"1,386.25",3.04
2/24/14,451.5,"1,374.00",3.04
2/21/14,453,"1,371.63",3.03
2/20/14,455.75,"1,359.00",2.98
2/19/14,453.75,"1,354.88",2.99
2/18/14,449.5,"1,361.38",3.03
2/14/14,445.25,"1,338.25",3.01
2/13/14,440.5,"1,342.25",3.05
2/12/14,440,"1,322.63",3.01
2/11/14,441.5,"1,336.50",3.03
2/10/14,443,"1,325.38",2.99
2/7/14,444.25,"1,331.13",3
2/6/14,443,"1,326.00",2.99
2/5/14,443.25,"1,315.88",2.97
2/4/14,441.75,"1,312.25",2.97
2/3/14,435.75,"1,291.88",2.96
1/31/14,434,"1,283.88",2.96
1/30/14,433.5,"1,275.63",2.94
1/29/14,427.5,"1,268.63",2.97
1/28/14,432,"1,285.00",2.97
1/27/14,431.75,"1,288.50",2.98
1/24/14,429.5,"1,286.00",2.99
1/23/14,429,"1,275.38",2.97
1/22/14,426.25,"1,280.25",3
1/21/14,425,"1,280.50",3.01
1/17/14,424,"1,316.63",3.11
1/16/14,428,"1,315.38",3.07
1/15/14,425.75,"1,317.88",3.1
1/14/14,431.5,"1,306.25",3.03
1/13/14,434.5,"1,294.75",2.98
1/10/14,432.75,"1,277.50",2.95
1/9/14,412,"1,274.00",3.09
1/8/14,417,"1,269.63",3.04
1/7/14,426,"1,274.50",2.99
1/6/14,427.75,"1,278.13",2.99
1/3/14,423.5,"1,271.75",3
1/2/14,420.5,"1,270.75",3.02
1/1/14,421.38,"1,289.38",3.06
12/31/13,422,"1,289.38",3.06
12/30/13,423.5,"1,308.88",3.09
12/27/13,427.5,"1,331.75",3.12
12/26/13,426.25,"1,319.75",3.1
12/24/13,434.5,"1,333.50",3.07
12/23/13,434.25,"1,328.38",3.06
12/20/13,433.25,"1,338.25",3.09
12/19/13,430.5,"1,327.50",3.08
12/18/13,425,"1,324.63",3.12
12/17/13,426.75,"1,344.63",3.15
12/16/13,423.25,"1,336.63",3.16
12/13/13,420.5,"1,327.13",3.16
12/12/13,428.25,"1,325.63",3.1
12/11/13,431.25,"1,343.88",3.12
12/10/13,427.5,"1,338.75",3.13
12/9/13,428.5,"1,343.50",3.14
12/6/13,424,"1,325.63",3.13
12/5/13,422.75,"1,328.38",3.14
12/4/13,425.5,"1,328.38",3.12
12/3/13,422,"1,319.25",3.13
12/2/13,416.5,"1,321.13",3.17
11/29/13,415.25,"1,337.00",3.22
11/27/13,417.25,"1,319.25",3.16
11/26/13,418.5,"1,328.88",3.18
11/25/13,424.75,"1,328.13",3.13
11/24/13,429.88,"1,319.38",3.07
11/22/13,422.25,"1,319.38",3.12
11/21/13,423,"1,292.38",3.06
11/20/13,417,"1,275.13",3.06
11/19/13,417.75,"1,279.13",3.06
11/18/13,412,"1,287.75",3.13
11/15/13,422,"1,279.63",3.03
11/14/13,426.5,"1,313.63",3.08
11/13/13,429.75,"1,314.50",3.06
11/12/13,432.25,"1,313.63",3.04
11/11/13,434.75,"1,299.88",2.99
11/8/13,426.75,"1,295.25",3.04
11/7/13,420.5,"1,267.13",3.01
11/6/13,421.25,"1,256.63",2.98
11/5/13,425,"1,250.75",2.94
11/4/13,426.25,"1,255.75",2.95
11/1/13,427.25,"1,252.38",2.93
10/31/13,428.25,"1,265.63",2.96
10/30/13,430.25,"1,275.63",2.96
10/29/13,432,"1,271.25",2.94
10/28/13,430.75,"1,267.38",2.94
10/25/13,440,"1,299.88",2.95
10/24/13,440.25,"1,309.63",2.97
10/23/13,442.75,"1,308.63",2.96
10/22/13,438.25,"1,300.50",2.97
10/21/13,444,"1,302.13",2.93
10/18/13,441.5,"1,290.63",2.92
10/17/13,443,"1,291.63",2.92
10/16/13,442.75,"1,277.75",2.89
10/15/13,443.5,"1,266.75",2.86
10/14/13,437,"1,271.63",2.91
10/11/13,433.25,"1,267.88",2.93
10/10/13,438.25,"1,287.38",2.94
10/9/13,443.5,"1,286.75",2.9
10/8/13,441.75,"1,288.88",2.92
10/7/13,449.25,"1,295.50",2.88
10/4/13,443.25,"1,296.13",2.92
10/3/13,439.25,"1,286.25",2.93
10/2/13,439,"1,274.50",2.9
10/1/13,439,"1,268.63",2.89
9/30/13,441.5,"1,281.38",2.9
9/27/13,454,"1,320.25",2.91
9/26/13,456.75,"1,317.38",2.88
9/25/13,454.75,"1,321.88",2.91
9/24/13,448.75,"1,312.25",2.92
9/23/13,453.25,"1,308.13",2.89
9/20/13,451,"1,316.13",2.92
9/19/13,459.5,"1,340.00",2.92
9/18/13,456.25,"1,347.88",2.95
9/17/13,454,"1,341.75",2.96
9/16/13,456.5,"1,348.38",2.95
9/13/13,450,"1,381.88",3.07
9/12/13,479,"1,397.38",2.92
9/11/13,479.75,"1,358.38",2.83
9/10/13,474.75,"1,356.38",2.86
9/9/13,477.25,"1,355.25",2.84
9/6/13,491.5,"1,369.63",2.79
9/5/13,489.5,"1,367.75",2.79
9/4/13,494,"1,352.50",2.74
9/3/13,498,"1,385.88",2.78
8/30/13,495,"1,356.38",2.74
8/29/13,497.25,"1,369.13",2.75
8/28/13,504.25,"1,374.38",2.73
8/27/13,499.75,"1,373.13",2.75
8/26/13,515.75,"1,389.63",2.69
8/23/13,495.5,"1,362.88",2.75
8/22/13,487.5,"1,323.75",2.72
8/21/13,498,"1,330.63",2.67
8/20/13,483.75,"1,309.25",2.71
8/19/13,493.25,"1,322.13",2.68
8/16/13,473.75,"1,283.25",2.71
8/15/13,481.5,"1,289.00",2.68
8/14/13,464.75,"1,268.63",2.73
8/13/13,455.25,"1,257.88",2.76
8/12/13,472,"1,256.50",2.66
8/9/13,465.75,"1,219.63",2.62
8/8/13,473.5,"1,228.25",2.59
8/7/13,468.25,"1,199.25",2.56
8/6/13,472.25,"1,194.13",2.53
8/5/13,469.25,"1,208.63",2.58
8/2/13,476,"1,211.88",2.55
8/1/13,487.5,"1,235.25",2.53
7/31/13,499,"1,247.25",2.5
7/30/13,495.5,"1,247.88",2.52
7/29/13,489.25,"1,272.25",2.6
7/26/13,492,"1,350.00",2.74
7/25/13,496,"1,353.63",2.73
7/24/13,508.25,"1,392.38",2.74
7/23/13,522.5,"1,461.63",2.8
7/22/13,540.75,"1,520.63",2.81
7/19/13,544,"1,489.88",2.74
7/18/13,541,"1,472.00",2.72
7/17/13,538.5,"1,478.88",2.75
7/16/13,545.25,"1,474.88",2.7
7/15/13,536.25,"1,453.00",2.71
7/12/13,701.5,"1,428.13",2.04
7/11/13,716.75,"1,474.13",2.06
7/10/13,709.75,"1,465.88",2.07
7/9/13,704,"1,467.00",2.08
7/8/13,691.75,"1,455.88",2.1
7/5/13,684.75,"1,432.13",2.09
7/4/13,533.13,"1,441.63",2.7
7/3/13,678.25,"1,441.63",2.13
7/2/13,672.75,"1,434.50",2.13
7/1/13,655.5,"1,435.25",2.19
6/28/13,679.25,"1,429.38",2.1
6/27/13,667.25,"1,431.63",2.15
6/26/13,664.5,"1,426.25",2.15
6/25/13,656.75,"1,428.88",2.18
6/24/13,653.25,"1,422.00",2.18
6/21/13,661.75,"1,491.50",2.25
6/20/13,673.25,"1,499.50",2.23
6/19/13,682.25,"1,519.38",2.23
6/18/13,673.25,"1,512.63",2.25
6/17/13,668.5,"1,512.50",2.26
6/14/13,655,"1,516.63",2.32
6/13/13,643.5,"1,509.50",2.35
6/12/13,650.75,"1,539.88",2.37
6/11/13,659.5,"1,542.13",2.34
6/10/13,650,"1,514.13",2.33
6/7/13,666.25,"1,525.75",2.29
6/6/13,663.25,"1,529.13",2.31
6/5/13,660.75,"1,531.63",2.32
6/4/13,660.5,"1,529.75",2.32
6/3/13,655.75,"1,532.75",2.34
5/31/13,662,"1,510.13",2.28
5/30/13,654.25,"1,495.13",2.29
5/29/13,665,"1,502.50",2.26
5/28/13,666.5,"1,508.38",2.26
5/24/13,657.25,"1,475.25",2.24
5/23/13,662,"1,493.75",2.26
5/22/13,658.5,"1,494.38",2.27
5/21/13,640,"1,478.75",2.31
5/20/13,649.5,"1,465.13",2.26
5/17/13,652.75,"1,448.50",2.22
5/16/13,641.5,"1,429.13",2.23
5/15/13,650.75,"1,413.88",2.17
5/14/13,706.75,"1,416.38",2
5/13/13,718,"1,419.50",1.98
5/10/13,687.75,"1,398.63",2.03
5/9/13,694.5,"1,409.38",2.03
5/8/13,675,"1,391.38",2.06
5/7/13,676.5,"1,382.50",2.04
5/6/13,678.75,"1,368.25",2.02
5/3/13,699.5,"1,387.38",1.98
5/2/13,697.5,"1,373.88",1.97
5/1/13,681.75,"1,372.63",2.01
4/30/13,683.25,"1,396.50",2.04
4/29/13,684,"1,408.63",2.06
4/26/13,644,"1,431.00",2.22
4/25/13,645.25,"1,424.00",2.21
4/24/13,639.5,"1,404.38",2.2
4/23/13,638.5,"1,419.13",2.22
4/22/13,645.75,"1,418.00",2.2
4/19/13,652,"1,427.38",2.19
4/18/13,644.5,"1,431.75",2.22
4/17/13,660.5,"1,421.13",2.15
4/16/13,663.25,"1,412.38",2.13
4/15/13,646.75,"1,395.88",2.16
4/12/13,658.5,"1,413.25",2.15
4/11/13,651.25,"1,401.75",2.15
4/10/13,649,"1,393.13",2.15
4/9/13,644.25,"1,395.75",2.17
4/8/13,633.5,"1,377.38",2.17
4/5/13,629,"1,362.25",2.17
4/4/13,630,"1,368.25",2.17
4/3/13,641.5,"1,381.75",2.15
4/2/13,640.5,"1,392.50",2.17
4/1/13,642.25,"1,393.75",2.17
3/31/13,673.38,"1,406.88",2.09
3/28/13,695.25,"1,404.38",2.02
3/27/13,735.25,"1,453.50",1.98
3/26/13,730.25,"1,446.50",1.98
3/25/13,733.25,"1,437.38",1.96
3/24/13,728.63,"1,441.88",1.98
3/22/13,726.25,"1,439.63",1.98
3/21/13,733,"1,447.38",1.97
3/20/13,732.5,"1,423.25",1.94
3/19/13,728.5,"1,411.38",1.94
3/18/13,720,"1,410.25",1.96
3/17/13,712.88,"1,415.25",1.99
3/15/13,717,"1,426.38",1.99
3/14/13,732.75,"1,436.63",1.96
3/13/13,741.25,"1,448.25",1.95
3/12/13,741,"1,468.38",1.98
3/11/13,734.5,"1,478.38",2.01
3/10/13,706.63,"1,477.38",2.09
3/8/13,725.25,"1,472.63",2.03
3/7/13,711.5,"1,472.13",2.07
3/6/13,708,"1,462.75",2.07
3/5/13,732,"1,466.38",2
3/4/13,723,"1,462.88",2.02
3/3/13,709.25,"1,444.13",2.04
3/1/13,724.25,"1,444.50",1.99
2/28/13,719.5,"1,448.75",2.01
2/27/13,709.5,"1,439.38",2.03
2/26/13,705,"1,435.88",2.04
2/25/13,693.5,"1,434.75",2.07
2/24/13,686.63,"1,444.88",2.1
2/22/13,690.25,"1,459.88",2.12
2/21/13,690.75,"1,490.13",2.16
2/20/13,700.5,"1,479.25",2.11
2/19/13,695.25,"1,471.13",2.12
2/15/13,698.75,"1,425.50",2.04
2/14/13,694.75,"1,421.00",2.05
2/13/13,695.5,"1,425.88",2.05
2/12/13,696.25,"1,426.00",2.05
2/11/13,702.25,"1,433.50",2.04
2/10/13,707.25,"1,440.88",2.04
2/8/13,709,"1,453.38",2.05
2/7/13,710.75,"1,486.13",2.09
2/6/13,722.5,"1,486.00",2.06
2/5/13,729,"1,493.00",2.05
2/4/13,734.25,"1,489.13",2.03
2/3/13,737.5,"1,481.38",2.01
2/1/13,736,"1,476.13",2.01
1/31/13,740.5,"1,470.63",1.99
1/30/13,740.25,"1,478.00",2
1/29/13,729.5,"1,450.13",1.99
1/28/13,729.25,"1,445.38",1.98
1/27/13,723.25,"1,451.13",2.01
1/25/13,720.75,"1,440.63",2
1/24/13,724.25,"1,439.00",1.99
1/23/13,720.75,"1,431.38",1.99
1/22/13,728.5,"1,448.63",1.99
1/20/13,727.38,"1,428.38",1.96
1/18/13,727.5,"1,428.38",1.96
1/17/13,724.5,"1,436.88",1.98
1/16/13,731.25,"1,438.88",1.97
1/15/13,730.5,"1,415.88",1.94
1/14/13,724,"1,417.88",1.96
1/13/13,719.63,"1,386.25",1.93
1/11/13,708.75,"1,375.88",1.94
1/10/13,698.75,"1,376.50",1.97
1/9/13,694.25,"1,387.25",2
1/8/13,688.75,"1,384.38",2.01
1/7/13,685.5,"1,390.63",2.03
1/6/13,681.63,"1,363.25",2
1/4/13,680.25,"1,365.75",2.01
1/3/13,689.25,"1,391.25",2.02
1/2/13,690.75,"1,393.13",2.02
12/31/12,698.25,"1,408.50",2.02
12/30/12,693.13,"1,417.50",2.05
12/28/12,694,"1,416.38",2.04
12/27/12,691.5,"1,418.25",2.05
12/26/12,693.25,"1,420.38",2.05
12/24/12,704.25,"1,435.88",2.04
12/23/12,703.88,"1,436.63",2.04
12/21/12,702,"1,429.88",2.04
12/20/12,696.5,"1,414.00",2.03
12/19/12,703,"1,438.75",2.05
12/18/12,720,"1,470.88",2.04
12/17/12,724,"1,496.50",2.07
12/16/12,731.25,"1,503.00",2.06
12/14/12,718.75,"1,495.38",2.08
12/13/12,712.25,"1,478.50",2.08
12/12/12,721,"1,473.13",2.04
12/11/12,724.25,"1,472.13",2.03
12/10/12,726.75,"1,473.50",2.03
12/9/12,733.38,"1,468.25",2
12/7/12,732.75,"1,472.38",2.01
12/6/12,747.75,"1,487.25",1.99
12/5/12,753.25,"1,486.88",1.97
12/4/12,746.5,"1,462.88",1.96
12/3/12,749,"1,457.25",1.95
12/2/12,753.63,"1,440.63",1.91
11/30/12,748,"1,440.63",1.93
11/29/12,751.5,"1,450.88",1.93
11/28/12,760.25,"1,447.13",1.9
11/27/12,760,"1,450.63",1.91
11/26/12,747.25,"1,427.88",1.91
11/25/12,748.13,"1,421.25",1.9
11/23/12,745.5,"1,416.63",1.9
11/21/12,741,"1,407.13",1.9
11/20/12,743.25,"1,410.75",1.9
11/19/12,738.75,"1,398.38",1.89
11/18/12,728.75,"1,391.50",1.91
11/16/12,727,"1,383.63",1.9
11/15/12,721.25,"1,401.50",1.94
11/14/12,725.75,"1,422.25",1.96
11/13/12,723.5,"1,414.13",1.95
11/12/12,718,"1,409.25",1.96
11/11/12,738.38,"1,439.25",1.95
11/9/12,738.75,"1,451.38",1.96
11/8/12,741.25,"1,495.50",2.02
11/7/12,744.25,"1,505.25",2.02
11/6/12,741,"1,517.63",2.05
11/5/12,735.5,"1,509.63",2.05
11/4/12,739.88,"1,518.88",2.05
11/2/12,739.5,"1,526.00",2.06
11/1/12,751,"1,559.38",2.08
10/31/12,755.75,"1,550.88",2.05
10/30/12,741.75,"1,537.25",2.07
10/29/12,737,"1,530.75",2.08
10/28/12,735.13,"1,557.00",2.12
10/26/12,737.75,"1,560.63",2.12
10/25/12,742,"1,559.25",2.1
10/24/12,754.5,"1,567.88",2.08
10/23/12,756,"1,551.25",2.05
10/22/12,761.25,"1,547.88",2.03
10/21/12,760.63,"1,533.38",2.02
10/19/12,761.5,"1,533.25",2.01
10/18/12,760.75,"1,545.25",2.03
10/17/12,745.5,"1,511.25",2.03
10/16/12,738.25,"1,491.38",2.02
10/15/12,737.25,"1,502.13",2.04
10/14/12,744.63,"1,505.00",2.02
10/12/12,752.75,"1,522.38",2.02
10/11/12,773.25,"1,553.00",2.01
10/10/12,736.75,"1,524.38",2.07
10/9/12,742,"1,542.00",2.08
10/8/12,742,"1,549.13",2.09
10/7/12,745,"1,552.63",2.08
10/5/12,748,"1,552.25",2.08
10/4/12,757,"1,555.75",2.06
10/3/12,756.75,"1,534.88",2.03
10/2/12,758.25,"1,524.38",2.01
10/1/12,756.75,"1,555.25",2.06
9/30/12,762.75,"1,591.88",2.09
9/28/12,756.25,"1,598.38",2.11
9/27/12,716.25,"1,576.25",2.2
9/26/12,724.75,"1,578.00",2.18
9/25/12,743.75,"1,611.63",2.17
9/24/12,744.75,"1,607.63",2.16
9/23/12,747.5,"1,615.50",2.16
9/21/12,748.25,"1,624.38",2.17
9/20/12,746,"1,624.88",2.18
9/19/12,756.5,"1,682.63",2.22
9/18/12,740,"1,649.25",2.23
9/17/12,748,"1,661.38",2.22
9/16/12,775.88,"1,729.25",2.23
9/14/12,777.5,"1,738.25",2.24
9/13/12,776.75,"1,745.38",2.25
9/12/12,771,"1,746.00",2.26
9/11/12,782.25,"1,699.75",2.17
9/10/12,781,"1,720.62",2.2
9/9/12,797.13,"1,727.25",2.17
9/7/12,795,"1,733.25",2.18
9/6/12,797.25,"1,743.87",2.19
9/5/12,789.75,"1,732.88",2.19
9/4/12,807,"1,764.75",2.19
8/31/12,802.75,"1,754.37",2.19
8/30/12,811.5,"1,761.63",2.17
8/29/12,810.25,"1,750.00",2.16
8/28/12,789.5,"1,718.63",2.18
8/27/12,794.5,"1,716.63",2.16
8/26/12,813.75,"1,753.88",2.16
8/24/12,802.25,"1,737.88",2.17
8/23/12,808.75,"1,727.25",2.14
8/22/12,830.25,"1,754.63",2.11
8/21/12,831.25,"1,751.50",2.11
8/20/12,815.25,"1,708.00",2.1
8/19/12,802.75,"1,674.38",2.09
8/17/12,798.5,"1,671.50",2.09
8/16/12,797.75,"1,652.88",2.07
8/15/12,794,"1,665.00",2.1
8/14/12,779.75,"1,626.38",2.09
8/13/12,782.75,"1,629.88",2.08
8/12/12,798.25,"1,667.25",2.09
8/10/12,800,"1,673.63",2.09
8/9/12,818.25,"1,653.75",2.02
8/8/12,810.75,"1,597.63",1.97
8/7/12,796,"1,582.50",1.99
8/6/12,803,"1,598.63",1.99
8/5/12,803.38,"1,604.13",2
8/3/12,810,"1,635.63",2.02
8/2/12,794,"1,614.38",2.03
8/1/12,800.5,"1,631.00",2.04
7/31/12,806.5,"1,673.75",2.08
7/30/12,820,"1,669.75",2.04
7/29/12,812.88,"1,661.50",2.04
7/27/12,798.5,"1,683.25",2.11
7/26/12,781.25,"1,645.25",2.11
7/25/12,794.5,"1,677.13",2.11
7/24/12,790,"1,623.00",2.05
7/23/12,814,"1,666.50",2.05
7/22/12,818.38,"1,739.50",2.13
7/20/12,824.5,"1,758.38",2.13
7/19/12,807.75,"1,738.00",2.15
7/18/12,795,"1,682.87",2.12
7/17/12,779.5,"1,639.13",2.1
7/16/12,776.75,"1,644.75",2.12
7/15/12,766.38,"1,617.50",2.11
7/13/12,755.75,"1,596.13",2.11
7/12/12,771.25,"1,576.00",2.04
7/11/12,750.75,"1,578.38",2.1
7/10/12,761,"1,597.13",2.1
7/9/12,775.25,"1,594.88",2.06
7/8/12,713.63,"1,590.50",2.23
7/6/12,743.25,"1,570.00",2.11
7/5/12,768,"1,576.00",2.05
7/3/12,718.75,"1,525.75",2.12
7/2/12,692.5,"1,503.00",2.17
7/1/12,657.25,"1,507.25",2.29
6/29/12,672.5,"1,480.88",2.2
6/28/12,652,"1,451.75",2.23
6/27/12,649.5,"1,458.88",2.25
6/26/12,646,"1,457.63",2.26
6/25/12,631,"1,470.00",2.33
6/24/12,572.88,"1,453.75",2.54
6/22/12,591,"1,442.13",2.44
6/21/12,586.5,"1,442.63",2.46
6/20/12,611.75,"1,437.88",2.35
6/19/12,612.5,"1,436.00",2.34
6/18/12,599.5,"1,396.88",2.33
6/17/12,584.5,"1,383.38",2.37
6/15/12,579.5,"1,376.13",2.37
6/14/12,601.5,"1,390.88",2.31
6/13/12,592.5,"1,407.63",2.38
6/12/12,584,"1,434.50",2.46
6/11/12,592,"1,424.13",2.41
6/10/12,599.75,"1,425.75",2.38
6/8/12,598,"1,428.38",2.39
6/7/12,594,"1,426.38",2.4
6/6/12,586.25,"1,388.25",2.37
6/5/12,567.5,"1,356.75",2.39
6/4/12,568,"1,346.13",2.37
6/3/12,559.25,"1,349.63",2.41
6/1/12,551.5,"1,339.88",2.43
5/31/12,555.25,"1,344.25",2.42
5/30/12,559.5,"1,375.13",2.46
5/29/12,562.5,"1,390.38",2.47
5/25/12,578.5,"1,381.75",2.39
5/24/12,578.5,"1,379.50",2.38
5/23/12,603.5,"1,374.00",2.28
5/22/12,597,"1,379.63",2.31
5/21/12,633,"1,408.50",2.23
5/20/12,639.63,"1,412.88",2.21
5/18/12,635.5,"1,408.38",2.22
5/17/12,625,"1,432.88",2.29
5/16/12,620,"1,422.63",2.29
5/15/12,597.25,"1,414.75",2.37
5/14/12,608,"1,385.13",2.28
5/13/12,584.63,"1,394.38",2.39
5/11/12,608,"1,403.13",2.31
5/10/12,625.5,"1,459.13",2.33
5/9/12,641.25,"1,432.50",2.23
5/8/12,666,"1,440.25",2.16
5/7/12,665,"1,467.50",2.21
5/6/12,619.13,"1,475.25",2.38
5/4/12,662.25,"1,477.88",2.23
5/3/12,650.75,"1,477.13",2.27
5/2/12,642.25,"1,482.38",2.31
5/1/12,659.75,"1,500.50",2.27
4/30/12,660.25,"1,500.88",2.27
4/29/12,628.38,"1,492.50",2.38
4/27/12,653,"1,492.63",2.29
4/26/12,624,"1,485.88",2.38
4/25/12,611,"1,472.25",2.41
4/24/12,618.25,"1,470.63",2.38
4/23/12,622.5,"1,439.38",2.31
4/22/12,603.13,"1,455.00",2.41
4/20/12,612.5,"1,453.88",2.37
4/19/12,621,"1,419.50",2.29
4/18/12,601.75,"1,411.38",2.35
4/17/12,616.75,"1,428.63",2.32
4/16/12,623.25,"1,419.25",2.28
4/15/12,625.5,"1,434.25",2.29
4/13/12,629.25,"1,436.88",2.28
4/12/12,637.5,"1,444.00",2.27
4/11/12,636,"1,422.25",2.24
4/10/12,634.75,"1,426.75",2.25
4/9/12,649,"1,430.38",2.2
4/8/12,662.38,"1,441.88",2.18
4/5/12,658.25,"1,431.38",2.17
4/4/12,656.75,"1,422.88",2.17
4/3/12,658.25,"1,418.13",2.15
4/2/12,655,"1,422.63",2.17
4/1/12,654.38,"1,411.38",2.16
3/30/12,644,"1,401.88",2.18
3/29/12,604,"1,359.38",2.25
3/28/12,620.25,"1,372.13",2.21
3/27/12,630.75,"1,371.88",2.17
3/26/12,637.75,"1,380.88",2.17
3/25/12,641.88,"1,364.63",2.13
3/23/12,646.5,"1,366.63",2.11
3/22/12,644.5,"1,351.88",2.1
3/21/12,642,"1,355.63",2.11
3/20/12,647.5,"1,346.38",2.08
3/19/12,663.5,"1,367.50",2.06
3/18/12,675.13,"1,377.13",2.04
3/16/12,673,"1,375.50",2.04
3/15/12,669,"1,367.63",2.04
3/14/12,669.5,"1,356.63",2.03
3/13/12,674,"1,353.00",2.01
3/12/12,671.5,"1,333.50",1.99
3/11/12,643.63,"1,333.88",2.07
3/9/12,654,"1,337.63",2.05
3/8/12,645,"1,337.38",2.07
3/7/12,643.75,"1,327.13",2.06
3/6/12,658,"1,335.63",2.03
3/5/12,666.25,"1,324.38",1.99
3/2/12,659,"1,331.88",2.02
3/1/12,653.75,"1,322.13",2.02
2/29/12,656.5,"1,319.13",2.01
2/28/12,653.5,"1,313.13",2.01
2/27/12,644.5,"1,301.88",2.02
2/24/12,640.75,"1,280.25",2
2/23/12,639.5,"1,276.88",2
2/22/12,638.25,"1,270.88",1.99
2/21/12,629.5,"1,269.50",2.02
2/17/12,641.75,"1,266.63",1.97
2/16/12,636.25,"1,258.63",1.98
2/15/12,627,"1,262.63",2.01
2/14/12,633.5,"1,254.63",1.98
2/13/12,639.5,"1,253.63",1.96
2/10/12,631.75,"1,228.88",1.95
2/9/12,637,"1,228.25",1.93
2/8/12,642.5,"1,230.63",1.92
2/7/12,642.25,"1,232.13",1.92
2/6/12,644.25,"1,234.25",1.92
2/3/12,644.5,"1,232.88",1.91
2/2/12,643,"1,216.88",1.89
2/1/12,642,"1,217.00",1.9
1/31/12,639,"1,200.38",1.88
1/30/12,631.75,"1,185.13",1.88
1/27/12,641.75,"1,218.13",1.9
1/26/12,634.5,"1,222.13",1.93
1/25/12,634.5,"1,212.88",1.91
1/24/12,630.25,"1,219.63",1.94
1/23/12,620,"1,214.13",1.96
1/20/12,611.5,"1,185.25",1.94
1/19/12,606,"1,195.88",1.97
1/18/12,593.5,"1,181.50",1.99
1/17/12,604,"1,184.63",1.96
1/13/12,599.5,"1,157.63",1.93
1/12/12,611.5,"1,183.00",1.93
1/11/12,651.5,"1,200.88",1.84
1/10/12,652,"1,231.88",1.89
1/9/12,652,"1,232.63",1.89
1/6/12,643.5,"1,193.88",1.86
1/5/12,643.5,"1,208.88",1.88
1/4/12,658.5,"1,231.63",1.87
1/3/12,658.5,"1,227.25",1.86
1/2/12,647.13,"1,211.88",1.87
12/30/11,646.5,"1,211.88",1.87
12/29/11,638,"1,197.63",1.88
12/28/11,642.5,"1,208.63",1.88
12/27/11,633.25,"1,206.50",1.91
12/26/11,620.13,"1,172.38",1.89
12/25/11,620.13,"1,172.38",1.89
12/23/11,619.5,"1,163.38",1.88
12/22/11,617.5,"1,160.88",1.88
12/21/11,616.5,"1,153.13",1.87
12/20/11,607,"1,144.63",1.89
12/19/11,601,"1,139.13",1.9
12/16/11,583,"1,130.38",1.94
12/15/11,579,"1,113.88",1.92
12/14/11,580,"1,103.88",1.9
12/13/11,588.5,"1,118.13",1.9
12/12/11,585.5,"1,111.75",1.9
12/11/11,593.38,"1,105.63",1.86
12/9/11,585.5,"1,106.38",1.89
12/8/11,590,"1,132.13",1.92
12/7/11,582.25,"1,131.75",1.94
12/6/11,585.25,"1,128.38",1.93
12/5/11,580.25,"1,126.00",1.94
12/2/11,586.5,"1,136.38",1.94
12/1/11,594.75,"1,128.25",1.9
11/30/11,601.25,"1,133.38",1.89
11/29/11,598,"1,125.63",1.88
11/28/11,591.75,"1,123.38",1.9
11/25/11,582.5,"1,108.88",1.9
11/23/11,588.75,"1,123.13",1.91
11/22/11,599,"1,151.88",1.92
11/21/11,597.75,"1,145.63",1.92
11/18/11,610.25,"1,171.38",1.92
11/17/11,614.5,"1,169.63",1.9
11/16/11,642.75,"1,188.13",1.85
11/15/11,645.5,"1,199.63",1.86
11/14/11,633.5,"1,179.25",1.86
11/11/11,638.5,"1,176.13",1.84
11/10/11,645.5,"1,169.50",1.81
11/9/11,656,"1,186.13",1.81
11/8/11,660.5,"1,205.50",1.83
11/7/11,653.25,"1,202.50",1.84
11/4/11,655.75,"1,220.38",1.86
11/3/11,653.5,"1,226.13",1.88
11/2/11,645,"1,204.00",1.87
11/1/11,654.25,"1,198.63",1.83
10/31/11,647,"1,214.00",1.88
10/30/11,655.13,"1,227.38",1.87
10/28/11,655,"1,226.13",1.87
10/27/11,651.5,"1,245.88",1.91
10/26/11,637.25,"1,224.63",1.92
10/25/11,650.75,"1,230.75",1.89
10/24/11,651,"1,239.13",1.9
10/23/11,650.25,"1,221.88",1.88
10/21/11,649.25,"1,212.38",1.87
10/20/11,649.5,"1,223.75",1.88
10/19/11,638.5,"1,215.63",1.9
10/18/11,644,"1,250.75",1.94
10/17/11,640.5,"1,246.63",1.95
10/16/11,641.13,"1,263.88",1.97
10/14/11,640,"1,269.38",1.98
10/13/11,638.25,"1,259.38",1.97
10/12/11,640.75,"1,237.63",1.93
10/11/11,645,"1,233.00",1.91
10/10/11,605,"1,183.38",1.96
10/9/11,603.38,"1,165.88",1.93
10/7/11,600,"1,160.88",1.93
10/6/11,605.5,"1,159.25",1.91
10/5/11,605.5,"1,164.63",1.92
10/4/11,587.75,"1,166.50",1.98
10/3/11,592.5,"1,170.88",1.98
10/2/11,586.25,"1,175.38",2
9/30/11,592.5,"1,175.13",1.98
9/29/11,632.5,"1,231.38",1.95
9/28/11,630.75,"1,214.13",1.92
9/27/11,652.25,"1,255.63",1.93
9/26/11,648,"1,261.75",1.95
9/25/11,644.88,"1,261.38",1.96
9/23/11,638.5,"1,258.13",1.97
9/22/11,650,"1,284.38",1.98
9/21/11,685.75,"1,315.88",1.92
9/20/11,690.25,"1,335.75",1.94
9/19/11,692.25,"1,343.38",1.94